-- phpMyAdmin SQL Dump
-- version 5.2.1
-- https://www.phpmyadmin.net/
--
-- Host: 127.0.0.1
-- Generation Time: Oct 01, 2023 at 03:47 PM
-- Server version: 10.4.28-MariaDB
-- PHP Version: 8.2.4

SET SQL_MODE = "NO_AUTO_VALUE_ON_ZERO";
START TRANSACTION;
SET time_zone = "+00:00";


/*!40101 SET @OLD_CHARACTER_SET_CLIENT=@@CHARACTER_SET_CLIENT */;
/*!40101 SET @OLD_CHARACTER_SET_RESULTS=@@CHARACTER_SET_RESULTS */;
/*!40101 SET @OLD_COLLATION_CONNECTION=@@COLLATION_CONNECTION */;
/*!40101 SET NAMES utf8mb4 */;

--
-- Database: `hospitalbedbooking`
--

-- --------------------------------------------------------

--
-- Table structure for table `beds`
--

CREATE TABLE `beds` (
  `bed_id` varchar(25) NOT NULL,
  `room_id` varchar(25) NOT NULL,
  `bed_type` varchar(25) NOT NULL,
  `bed_status` varchar(25) NOT NULL,
  `dept_name` varchar(255) NOT NULL
) ENGINE=InnoDB DEFAULT CHARSET=utf8mb4 COLLATE=utf8mb4_general_ci;

--
-- Dumping data for table `beds`
--

INSERT INTO `beds` (`bed_id`, `room_id`, `bed_type`, `bed_status`, `dept_name`) VALUES
('CCU001', 'CCUR100', 'C.C.U', 'ไม่ว่าง', 'ศูนย์โรคหัวใจ'),
('CCU002', 'CCUR101', 'C.C.U', 'ไม่ว่าง', 'ศูนย์โรคหัวใจ'),
('CCU003', 'CCUR102', 'C.C.U', 'ไม่ว่าง', 'ศูนย์โรคหัวใจ'),
('CCU004', 'CCUR103', 'C.C.U', 'ไม่ว่าง', 'ศูนย์โรคหัวใจ'),
('CCU005', 'CCUR104', 'C.C.U', 'ว่าง', 'ศูนย์โรคหัวใจ'),
('CCU006', 'CCUR105', 'C.C.U', 'ว่าง', 'ศูนย์โรคหัวใจ'),
('CCU007', 'CCUR106', 'C.C.U', 'ไม่ว่าง', 'ศูนย์โรคหัวใจ'),
('CCU008', 'CCUR107', 'C.C.U', 'ว่าง', 'ศูนย์โรคหัวใจ'),
('CCU009', 'CCUR108', 'C.C.U', 'ไม่ว่าง', 'ศูนย์โรคหัวใจ'),
('CCU010', 'CCUR109', 'C.C.U', 'ว่าง', 'ศูนย์โรคหัวใจ'),
('CCU011', 'CCUR110', 'C.C.U', 'ว่าง', 'ศูนย์โรคหัวใจ'),
('CCU012', 'CCUR111', 'C.C.U', 'ว่าง', 'ศูนย์โรคหัวใจ'),
('CCU013', 'CCUR112', 'C.C.U', 'ว่าง', 'ศูนย์โรคหัวใจ'),
('CCU014', 'CCUR113', 'C.C.U', 'ว่าง', 'ศูนย์โรคหัวใจ'),
('CCU015', 'CCUR114', 'C.C.U', 'ว่าง', 'ศูนย์โรคหัวใจ'),
('CCU016', 'CCUR115', 'C.C.U', 'ว่าง', 'ศูนย์โรคหัวใจ'),
('CCU017', 'CCUR116', 'C.C.U', 'ว่าง', 'ศูนย์โรคหัวใจ'),
('CCU018', 'CCUR117', 'C.C.U', 'ว่าง', 'ศูนย์โรคหัวใจ'),
('CCU019', 'CCUR118', 'C.C.U', 'ว่าง', 'ศูนย์โรคหัวใจ'),
('CCU020', 'CCUR119', 'C.C.U', 'ว่าง', 'ศูนย์โรคหัวใจ'),
('EXAMP001', 'ICUR100', 'Standard', 'ว่าง', 'อายุรศาสตร์'),
('ICU001', 'ICUR100', 'I.C.U', 'ว่าง', 'ศัลยศาสตร์'),
('ICU002', 'ICUR101', 'I.C.U', 'ว่าง', 'ศัลยศาสตร์'),
('ICU003', 'ICUR102', 'I.C.U', 'ว่าง', 'ศัลยศาสตร์'),
('ICU004', 'ICUR103', 'I.C.U', 'ว่าง', 'ศัลยศาสตร์'),
('ICU005', 'ICUR104', 'I.C.U', 'ว่าง', 'ศัลยศาสตร์'),
('ICU006', 'ICUR105', 'I.C.U', 'ว่าง', 'ศัลยศาสตร์'),
('ICU007', 'ICUR106', 'I.C.U', 'ว่าง', 'ศัลยศาสตร์'),
('ICU008', 'ICUR107', 'I.C.U', 'ว่าง', 'ศัลยศาสตร์'),
('ICU009', 'ICUR108', 'I.C.U', 'ว่าง', 'ศัลยศาสตร์'),
('ICU010', 'ICUR109', 'I.C.U', 'ว่าง', 'ศัลยศาสตร์'),
('ICU011', 'ICUR110', 'I.C.U', 'ว่าง', 'อายุรศาสตร์'),
('ICU012', 'ICUR111', 'I.C.U', 'ว่าง', 'อายุรศาสตร์'),
('ICU013', 'ICUR112', 'I.C.U', 'ว่าง', 'อายุรศาสตร์'),
('ICU014', 'ICUR113', 'I.C.U', 'ว่าง', 'อายุรศาสตร์'),
('ICU015', 'ICUR114', 'I.C.U', 'ว่าง', 'อายุรศาสตร์'),
('ICU016', 'ICUR115', 'I.C.U', 'ว่าง', 'อายุรศาสตร์'),
('ICU017', 'ICUR116', 'I.C.U', 'ว่าง', 'อายุรศาสตร์'),
('ICU018', 'ICUR117', 'I.C.U', 'ว่าง', 'อายุรศาสตร์'),
('ICU019', 'ICUR118', 'I.C.U', 'ว่าง', 'อายุรศาสตร์'),
('ICU020', 'ICUR119', 'I.C.U', 'ว่าง', 'อายุรศาสตร์'),
('ICU021', 'ICUR120', 'I.C.U', 'ว่าง', 'กุมารเวชกรรม'),
('ICU022', 'ICUR121', 'I.C.U', 'ว่าง', 'กุมารเวชกรรม'),
('ICU023', 'ICUR122', 'I.C.U', 'ว่าง', 'กุมารเวชกรรม'),
('ICU024', 'ICUR123', 'I.C.U', 'ว่าง', 'กุมารเวชกรรม'),
('ICU025', 'ICUR124', 'I.C.U', 'ว่าง', 'กุมารเวชกรรม'),
('ICU026', 'ICUR125', 'I.C.U', 'ว่าง', 'กุมารเวชกรรม'),
('ICU027', 'ICUR126', 'I.C.U', 'ว่าง', 'กุมารเวชกรรม'),
('ICU028', 'ICUR127', 'I.C.U', 'ว่าง', 'กุมารเวชกรรม'),
('ICU029', 'ICUR128', 'I.C.U', 'ว่าง', 'กุมารเวชกรรม'),
('ICU030', 'ICUR129', 'I.C.U', 'ว่าง', 'กุมารเวชกรรม'),
('ICU031', 'ICUR130', 'I.C.U', 'ว่าง', 'สูติศาสตร์-นรีเวชวิทยา'),
('ICU032', 'ICUR131', 'I.C.U', 'ว่าง', 'สูติศาสตร์-นรีเวชวิทยา'),
('ICU033', 'ICUR132', 'I.C.U', 'ว่าง', 'สูติศาสตร์-นรีเวชวิทยา'),
('ICU034', 'ICUR133', 'I.C.U', 'ว่าง', 'สูติศาสตร์-นรีเวชวิทยา'),
('ICU035', 'ICUR134', 'I.C.U', 'ว่าง', 'สูติศาสตร์-นรีเวชวิทยา'),
('ICU036', 'ICUR135', 'I.C.U', 'ว่าง', 'สูติศาสตร์-นรีเวชวิทยา'),
('ICU037', 'ICUR136', 'I.C.U', 'ว่าง', 'สูติศาสตร์-นรีเวชวิทยา'),
('ICU038', 'ICUR137', 'I.C.U', 'ว่าง', 'สูติศาสตร์-นรีเวชวิทยา'),
('ICU039', 'ICUR138', 'I.C.U', 'ว่าง', 'สูติศาสตร์-นรีเวชวิทยา'),
('ICU040', 'ICUR139', 'I.C.U', 'ว่าง', 'สูติศาสตร์-นรีเวชวิทยา'),
('ICU041', 'ICUR140', 'I.C.U', 'ว่าง', 'พิเศษ'),
('ICU042', 'ICUR141', 'I.C.U', 'ว่าง', 'พิเศษ'),
('ICU043', 'ICUR142', 'I.C.U', 'ว่าง', 'พิเศษ'),
('ICU044', 'ICUR143', 'I.C.U', 'ว่าง', 'พิเศษ'),
('ICU045', 'ICUR144', 'I.C.U', 'ว่าง', 'พิเศษ'),
('ICU046', 'ICUR145', 'I.C.U', 'ว่าง', 'พิเศษ'),
('ICU047', 'ICUR146', 'I.C.U', 'ว่าง', 'พิเศษ'),
('ICU048', 'ICUR147', 'I.C.U', 'ว่าง', 'พิเศษ'),
('ICU049', 'ICUR148', 'I.C.U', 'ว่าง', 'พิเศษ'),
('ICU050', 'ICUR149', 'I.C.U', 'ว่าง', 'พิเศษ'),
('S001', 'STD100', 'Standard', 'ว่าง', 'ศูนย์บรรจุผู้ป่วย'),
('S002', 'STD100', 'Standard', 'ว่าง', 'ศูนย์บรรจุผู้ป่วย'),
('S003', 'STD100', 'Standard', 'ว่าง', 'ศูนย์บรรจุผู้ป่วย'),
('S004', 'STD100', 'Standard', 'ว่าง', 'ศูนย์บรรจุผู้ป่วย'),
('S005', 'STD101', 'Standard', 'ว่าง', 'ศูนย์บรรจุผู้ป่วย'),
('S006', 'STD101', 'Standard', 'ว่าง', 'ศูนย์บรรจุผู้ป่วย'),
('S007', 'STD101', 'Standard', 'ว่าง', 'ศูนย์บรรจุผู้ป่วย'),
('S008', 'STD101', 'Standard', 'ว่าง', 'ศูนย์บรรจุผู้ป่วย'),
('S009', 'STD102', 'Standard', 'ว่าง', 'ศูนย์บรรจุผู้ป่วย'),
('S010', 'STD102', 'Standard', 'ว่าง', 'ศูนย์บรรจุผู้ป่วย'),
('S011', 'STD102', 'Standard', 'ว่าง', 'ศูนย์บรรจุผู้ป่วย'),
('S012', 'STD102', 'Standard', 'ว่าง', 'ศูนย์บรรจุผู้ป่วย'),
('S013', 'STD103', 'Standard', 'ว่าง', 'ศูนย์บรรจุผู้ป่วย'),
('S014', 'STD103', 'Standard', 'ว่าง', 'ศูนย์บรรจุผู้ป่วย'),
('S015', 'STD103', 'Standard', 'ว่าง', 'ศูนย์บรรจุผู้ป่วย'),
('S016', 'STD103', 'Standard', 'ว่าง', 'ศูนย์บรรจุผู้ป่วย'),
('S017', 'STD104', 'Standard', 'ว่าง', 'ศูนย์บรรจุผู้ป่วย'),
('S018', 'STD104', 'Standard', 'ว่าง', 'ศูนย์บรรจุผู้ป่วย'),
('S019', 'STD104', 'Standard', 'ว่าง', 'ศูนย์บรรจุผู้ป่วย'),
('S020', 'STD104', 'Standard', 'ว่าง', 'ศูนย์บรรจุผู้ป่วย'),
('S021', 'STD105', 'Standard', 'ว่าง', 'ศูนย์บรรจุผู้ป่วย'),
('S022', 'STD105', 'Standard', 'ว่าง', 'ศูนย์บรรจุผู้ป่วย'),
('S023', 'STD105', 'Standard', 'ว่าง', 'ศูนย์บรรจุผู้ป่วย'),
('S024', 'STD105', 'Standard', 'ว่าง', 'ศูนย์บรรจุผู้ป่วย'),
('S025', 'STD106', 'Standard', 'ว่าง', 'ศูนย์บรรจุผู้ป่วย'),
('S026', 'STD106', 'Standard', 'ว่าง', 'ศูนย์บรรจุผู้ป่วย'),
('S027', 'STD106', 'Standard', 'ว่าง', 'ศูนย์บรรจุผู้ป่วย'),
('S028', 'STD106', 'Standard', 'ว่าง', 'ศูนย์บรรจุผู้ป่วย'),
('S029', 'STD107', 'Standard', 'ว่าง', 'ศูนย์บรรจุผู้ป่วย'),
('S030', 'STD107', 'Standard', 'ว่าง', 'ศูนย์บรรจุผู้ป่วย'),
('S031', 'STD107', 'Standard', 'ว่าง', 'ศูนย์บรรจุผู้ป่วย'),
('S032', 'STD107', 'Standard', 'ว่าง', 'ศูนย์บรรจุผู้ป่วย'),
('S033', 'STD108', 'Standard', 'ว่าง', 'ศูนย์บรรจุผู้ป่วย'),
('S034', 'STD108', 'Standard', 'ว่าง', 'ศูนย์บรรจุผู้ป่วย'),
('S035', 'STD108', 'Standard', 'ว่าง', 'ศูนย์บรรจุผู้ป่วย'),
('S036', 'STD108', 'Standard', 'ว่าง', 'ศูนย์บรรจุผู้ป่วย'),
('S037', 'STD109', 'Standard', 'ว่าง', 'ศูนย์บรรจุผู้ป่วย'),
('S038', 'STD109', 'Standard', 'ว่าง', 'ศูนย์บรรจุผู้ป่วย'),
('S039', 'STD109', 'Standard', 'ว่าง', 'ศูนย์บรรจุผู้ป่วย'),
('S040', 'STD109', 'Standard', 'ว่าง', 'ศูนย์บรรจุผู้ป่วย'),
('S041', 'DUL100', 'Standard', 'ไม่ว่าง', 'ศูนย์บรรจุผู้ป่วย'),
('S042', 'DUL100', 'Standard', 'ว่าง', 'ศูนย์บรรจุผู้ป่วย'),
('S043', 'DUL101', 'Standard', 'ว่าง', 'ศูนย์บรรจุผู้ป่วย'),
('S044', 'DUL101', 'Standard', 'ว่าง', 'ศูนย์บรรจุผู้ป่วย'),
('S045', 'DUL102', 'Standard', 'ว่าง', 'ศูนย์บรรจุผู้ป่วย'),
('S046', 'DUL102', 'Standard', 'ว่าง', 'ศูนย์บรรจุผู้ป่วย'),
('S047', 'DUL103', 'Standard', 'ว่าง', 'ศูนย์บรรจุผู้ป่วย'),
('S048', 'DUL103', 'Standard', 'ว่าง', 'ศูนย์บรรจุผู้ป่วย'),
('S049', 'DUL104', 'Standard', 'ว่าง', 'ศูนย์บรรจุผู้ป่วย'),
('S050', 'DUL104', 'Standard', 'ว่าง', 'ศูนย์บรรจุผู้ป่วย'),
('S051', 'DUL105', 'Standard', 'ว่าง', 'ศูนย์บรรจุผู้ป่วย'),
('S052', 'DUL105', 'Standard', 'ว่าง', 'ศูนย์บรรจุผู้ป่วย'),
('S053', 'DUL106', 'Standard', 'ว่าง', 'ศูนย์บรรจุผู้ป่วย'),
('S054', 'DUL106', 'Standard', 'ว่าง', 'ศูนย์บรรจุผู้ป่วย'),
('S055', 'DUL107', 'Standard', 'ว่าง', 'ศูนย์บรรจุผู้ป่วย'),
('S056', 'DUL107', 'Standard', 'ว่าง', 'ศูนย์บรรจุผู้ป่วย'),
('S057', 'DUL108', 'Standard', 'ว่าง', 'ศูนย์บรรจุผู้ป่วย'),
('S058', 'DUL108', 'Standard', 'ว่าง', 'ศูนย์บรรจุผู้ป่วย'),
('S059', 'DUL109', 'Standard', 'ว่าง', 'ศูนย์บรรจุผู้ป่วย'),
('S060', 'DUL109', 'Standard', 'ว่าง', 'ศูนย์บรรจุผู้ป่วย'),
('S061', 'STU100', 'Standard', 'ว่าง', 'ศูนย์บรรจุผู้ป่วย'),
('S062', 'STU101', 'Standard', 'ว่าง', 'ศูนย์บรรจุผู้ป่วย'),
('S063', 'STU102', 'Standard', 'ว่าง', 'ศูนย์บรรจุผู้ป่วย'),
('S064', 'STU103', 'Standard', 'ว่าง', 'ศูนย์บรรจุผู้ป่วย'),
('S065', 'STU104', 'Standard', 'ว่าง', 'ศูนย์บรรจุผู้ป่วย'),
('S066', 'STU105', 'Standard', 'ว่าง', 'ศูนย์บรรจุผู้ป่วย'),
('S067', 'STU106', 'Standard', 'ว่าง', 'ศูนย์บรรจุผู้ป่วย'),
('S068', 'STU107', 'Standard', 'ว่าง', 'ศูนย์บรรจุผู้ป่วย'),
('S069', 'STU108', 'Standard', 'ว่าง', 'ศูนย์บรรจุผู้ป่วย'),
('S070', 'STU109', 'Standard', 'ว่าง', 'ศูนย์บรรจุผู้ป่วย'),
('S071', 'SUP100', 'Standard', 'ว่าง', 'ศูนย์บรรจุผู้ป่วย'),
('S072', 'SUP101', 'Standard', 'ว่าง', 'ศูนย์บรรจุผู้ป่วย'),
('S073', 'SUP102', 'Standard', 'ว่าง', 'ศูนย์บรรจุผู้ป่วย'),
('S074', 'SUP103', 'Standard', 'ว่าง', 'ศูนย์บรรจุผู้ป่วย'),
('S075', 'SUP104', 'Standard', 'ว่าง', 'ศูนย์บรรจุผู้ป่วย'),
('S076', 'SUP105', 'Standard', 'ว่าง', 'ศูนย์บรรจุผู้ป่วย'),
('S077', 'SUP106', 'Standard', 'ว่าง', 'ศูนย์บรรจุผู้ป่วย'),
('S078', 'SUP107', 'Standard', 'ว่าง', 'ศูนย์บรรจุผู้ป่วย'),
('S079', 'SUP108', 'Standard', 'ว่าง', 'ศูนย์บรรจุผู้ป่วย'),
('S080', 'SUP109', 'Standard', 'ว่าง', 'ศูนย์บรรจุผู้ป่วย'),
('S081', 'EXE100', 'Standard', 'ไม่ว่าง', 'ศูนย์บรรจุผู้ป่วย'),
('S082', 'EXE101', 'Standard', 'ว่าง', 'ศูนย์บรรจุผู้ป่วย'),
('S083', 'EXE102', 'Standard', 'ว่าง', 'ศูนย์บรรจุผู้ป่วย'),
('S084', 'EXE103', 'Standard', 'ไม่ว่าง', 'ศูนย์บรรจุผู้ป่วย'),
('S085', 'EXE104', 'Standard', 'ว่าง', 'ศูนย์บรรจุผู้ป่วย'),
('S086', 'EXE105', 'Standard', 'ว่าง', 'ศูนย์บรรจุผู้ป่วย'),
('S087', 'EXE106', 'Standard', 'ว่าง', 'ศูนย์บรรจุผู้ป่วย'),
('S088', 'EXE107', 'Standard', 'ว่าง', 'ศูนย์บรรจุผู้ป่วย'),
('S089', 'EXE108', 'Standard', 'ว่าง', 'ศูนย์บรรจุผู้ป่วย'),
('S090', 'EXE109', 'Standard', 'ว่าง', 'ศูนย์บรรจุผู้ป่วย'),
('S091', 'JRS100', 'Standard', 'ว่าง', 'ศูนย์บรรจุผู้ป่วย'),
('S092', 'JRS101', 'Standard', 'ว่าง', 'ศูนย์บรรจุผู้ป่วย'),
('S093', 'JRS102', 'Standard', 'ว่าง', 'ศูนย์บรรจุผู้ป่วย'),
('S094', 'JRS103', 'Standard', 'ว่าง', 'ศูนย์บรรจุผู้ป่วย'),
('S095', 'JRS104', 'Standard', 'ว่าง', 'ศูนย์บรรจุผู้ป่วย'),
('S096', 'JRS105', 'Standard', 'ว่าง', 'ศูนย์บรรจุผู้ป่วย'),
('S097', 'JRS106', 'Standard', 'ว่าง', 'ศูนย์บรรจุผู้ป่วย'),
('S098', 'JRS107', 'Standard', 'ว่าง', 'ศูนย์บรรจุผู้ป่วย'),
('S099', 'JRS108', 'Standard', 'ว่าง', 'ศูนย์บรรจุผู้ป่วย'),
('S100', 'JRS109', 'Standard', 'ว่าง', 'ศูนย์บรรจุผู้ป่วย'),
('S101', 'BSS100', 'Standard', 'ว่าง', 'ศูนย์บรรจุผู้ป่วย'),
('S102', 'BSS101', 'Standard', 'ว่าง', 'ศูนย์บรรจุผู้ป่วย'),
('S103', 'BSS102', 'Standard', 'ว่าง', 'ศูนย์บรรจุผู้ป่วย'),
('S104', 'BSS103', 'Standard', 'ว่าง', 'ศูนย์บรรจุผู้ป่วย'),
('S105', 'BSS104', 'Standard', 'ว่าง', 'ศูนย์บรรจุผู้ป่วย'),
('S106', 'BSS105', 'Standard', 'ไม่ว่าง', 'ศูนย์บรรจุผู้ป่วย'),
('S107', 'BSS106', 'Standard', 'ว่าง', 'ศูนย์บรรจุผู้ป่วย'),
('S108', 'BSS107', 'Standard', 'ว่าง', 'ศูนย์บรรจุผู้ป่วย'),
('S109', 'BSS108', 'Standard', 'ว่าง', 'ศูนย์บรรจุผู้ป่วย'),
('S110', 'BSS109', 'Standard', 'ว่าง', 'ศูนย์บรรจุผู้ป่วย');

-- --------------------------------------------------------

--
-- Table structure for table `booking`
--

CREATE TABLE `booking` (
  `bk_id` int(11) NOT NULL,
  `pt_ssn` varchar(13) NOT NULL,
  `bed_id` varchar(25) NOT NULL,
  `room_id` varchar(25) NOT NULL,
  `dept_id` int(11) NOT NULL,
  `user_id` int(11) NOT NULL,
  `bk_ad_time` timestamp NOT NULL DEFAULT current_timestamp() ON UPDATE current_timestamp(),
  `bk_update_time` timestamp NULL DEFAULT current_timestamp(),
  `bk_status` varchar(25) NOT NULL
) ENGINE=InnoDB DEFAULT CHARSET=utf8mb4 COLLATE=utf8mb4_general_ci;

--
-- Dumping data for table `booking`
--

INSERT INTO `booking` (`bk_id`, `pt_ssn`, `bed_id`, `room_id`, `dept_id`, `user_id`, `bk_ad_time`, `bk_update_time`, `bk_status`) VALUES
(14, '1100500112557', 'CCU001', 'CCUR100', 1111, 53, '2023-10-01 04:31:31', '2023-10-01 12:35:30', 'จอง'),
(15, '1100600104645', 'S081', 'EXE100', 1121, 53, '2023-10-01 04:31:43', '2023-10-01 13:13:41', 'จอง'),
(16, '1100600091713', 'S106', 'BSS105', 1121, 53, '2023-10-01 04:32:06', '2023-10-01 13:13:47', 'จอง'),
(17, '1100700003085', 'CCU009', 'CCUR108', 1111, 53, '2023-10-01 04:33:01', NULL, 'รอดำเนินการ..'),
(18, '1101400162138', 'CCU007', 'CCUR106', 1111, 53, '2023-10-01 05:43:12', NULL, 'รอดำเนินการ..'),
(19, '1101400001444', 'S084', 'EXE103', 1121, 53, '2023-10-01 05:43:55', '2023-10-01 13:13:55', 'จอง'),
(20, '1100500112557', 'S041', 'DUL100', 1121, 53, '2023-10-01 06:12:17', NULL, 'รอดำเนินการ..'),
(21, '1100500112557', 'CCU002', 'CCUR101', 1111, 53, '2023-10-01 06:13:08', NULL, 'รอดำเนินการ..'),
(22, '1100700003085', 'CCU003', 'CCUR102', 1111, 48, '2023-10-01 06:14:53', NULL, 'รอดำเนินการ..'),
(23, '1100500282398', 'CCU004', 'CCUR103', 1111, 55, '2023-10-01 06:31:04', '2023-10-01 13:32:31', 'จอง');

-- --------------------------------------------------------

--
-- Table structure for table `departments`
--

CREATE TABLE `departments` (
  `dept_id` int(11) NOT NULL,
  `dept_name` varchar(255) NOT NULL,
  `dept_location` varchar(255) NOT NULL,
  `dept_floor` varchar(50) NOT NULL
) ENGINE=InnoDB DEFAULT CHARSET=utf8mb4 COLLATE=utf8mb4_general_ci;

--
-- Dumping data for table `departments`
--

INSERT INTO `departments` (`dept_id`, `dept_name`, `dept_location`, `dept_floor`) VALUES
(1011, 'อายุรศาสตร์', 'อาคารรัตนวิทยาพัฒน์', 'ชั้น18'),
(1021, 'ศัลยศาสตร์', 'อาคารสิรินธร', 'ชั้น1 '),
(1031, 'สูติศาสตร์-นรีเวชวิทยา', 'อาคารอุปการเวชชกิจ', 'ชั้น7'),
(1041, 'กุมารเวชกรรม', 'อาคาร ภปร', 'ชั้น9'),
(1051, 'โสต ศอ นาสิกวิทยา', 'อาคารรัตนวิทยาพัฒน์', 'ชั้น17'),
(1061, 'จักษุวิทยา', 'อาคารรัตนวิทยาพัฒน์', 'ชั้น16'),
(1071, 'การพยาบาล', 'อาคารรัตนวิทยาพัฒน์', 'ชั้น2'),
(1081, 'จิตเวชศาสตร์', 'อาคาร ภปร', 'ชั้น12'),
(1091, 'รังสีวิทยา', 'อาคารรัตนวิทยาพัฒน์', 'ชั้น1'),
(1101, 'วิสัญญีวิทยา', 'อาคารรัตนวิทยาพัฒน์', 'ชั้น9'),
(1111, 'ศูนย์โรคหัวใจ', 'อาคารภูมิสิริมังคลานุสรณ์', 'ชั้น4'),
(1121, 'ศูนย์บรรจุผู้ป่วย', 'อาคารภูมิสิริมังคลานุสรณ์', 'ชั้นM'),
(1131, 'พิเศษ', 'อาคารภูมิสิริมังคลานุสรณ์\r\n', 'ชั้นM');

-- --------------------------------------------------------

--
-- Table structure for table `employees`
--

CREATE TABLE `employees` (
  `emp_id` int(11) NOT NULL,
  `emp_fname` varchar(50) NOT NULL,
  `emp_lname` varchar(50) NOT NULL,
  `dept_id` int(11) NOT NULL,
  `job_id` varchar(25) NOT NULL,
  `emp_phone` varchar(12) DEFAULT NULL
) ENGINE=InnoDB DEFAULT CHARSET=utf8mb4 COLLATE=utf8mb4_general_ci;

--
-- Dumping data for table `employees`
--

INSERT INTO `employees` (`emp_id`, `emp_fname`, `emp_lname`, `dept_id`, `job_id`, `emp_phone`) VALUES
(1, 'นายแพทย์ เมธีวัชร์', 'ชิตเดชะ', 1081, '1', '081-234-5678'),
(2, 'แพทย์หญิง ปุณฑริก', 'ศรีสวาท', 1081, '1', '082-345-6789'),
(3, 'แพทย์หญิง อัญชลิตา', 'รัตนจารุรักษ์', 1081, '1', '083-456-7890'),
(4, 'แพทย์หญิง ธนัชพร', 'กิตติพิบูลย์', 1081, '1', '084-567-8901'),
(5, 'แพทย์หญิง สุณี', 'จันทร์แสงเพ็ชร์', 1061, '1', '085-678-9012'),
(6, 'นายแพทย์ เธียระวัฒน์', 'เหมะจุฑา', 1061, '1', '086-789-0123'),
(7, 'นายแพทย์ รังสรรค์', 'ฤกษ์นิมิตร', 1011, '1', '087-890-1234'),
(8, 'นายแพทย์ สมชาย', 'เอี่ยมอ่อง', 1011, '1', '088-901-2345'),
(9, 'นายแพทย์ เกื้อเกียรติ', 'ประดิษฐ์พรศิลป์', 1011, '1', '089-012-3456'),
(10, 'นายแพทย์ เถลิงศักดิ์', 'กาญจนบุษย์', 1011, '1', '090-123-4567'),
(11, 'นายแพทย์ ประวิตร', 'อัศวานนท์', 1011, '1', '091-234-5678'),
(12, 'ผู้ช่วยศาสตราจารย์ แพทย์หญิง เปรมสุดา', 'เปรมสุดา', 1011, '1', '092-345-6789'),
(13, 'ผู้ช่วยศาสตราจารย์ แพทย์หญิง ภาณินี', 'ภาณินี', 1011, '1', '093-456-7890'),
(14, 'อาจารย์ นายแพทย์ กฤษฎา', 'กฤษฎา', 1011, '1', '094-567-8901'),
(15, 'อาจารย์ แพทย์หญิง ประภิศพันธ์', 'เจริญลักษณ์', 1011, '1', '095-678-9012'),
(16, 'อาจารย์ นายแพทย์ วรวรรธน์', 'ระหว่างบ้าน', 1011, '1', '096-789-0123'),
(17, 'ผู้ช่วยศาสตราจารย์ แพทย์หญิง พธู', 'ตัณฑ์ไพโรจน์', 1011, '1', '097-890-1234'),
(18, 'ผู้ช่วยศาสตราจารย์ แพทย์หญิง พรทิพ์', 'สิรยาภิวัฒน์', 1011, '1', '098-901-2345'),
(19, 'ผู้ช่วยศาสตราจารย์ นายแพทย์ อภิชัย', 'วสุรัตน์', 1011, '1', '099-012-3456'),
(20, 'อาจารย์ แพทย์หญิง กีรติ', 'เชียงทอง', 1011, '1', '091-123-4567'),
(21, 'อาจารย์ นายแพทย์ ชัย', 'อริยศรีวัฒนา', 1011, '1', '092-234-5678'),
(22, 'อาจารย์ แพทย์หญิง ชนกานต์', 'สืบถวิลกุล', 1021, '1', '093-345-6789'),
(23, 'อาจารย์ นายแพทย์ ธีระภัทร', 'เจริญวิทย์', 1021, '1', '094-456-7890'),
(24, 'อาจารย์ นายแพทย์ ปุริม', 'เรือนภู่', 1021, '1', '095-567-8901'),
(25, 'รองศาสตราจารย์ นายแพทย์ ประกอบเกียรติ', 'หิรัญวิวัฒน์กุล', 1021, '1', '096-678-9012'),
(26, 'รองศาสตราจารย์ นายแพทย์ วีระชัย', 'คีรีกาญจนะรงค์', 1031, '1', '097-789-0123'),
(27, 'ผู้ช่วยศาสตราจารย์ นายแพทย์ เจษฎา', 'กาญจนอัมพร', 1031, '1', '098-890-1234'),
(28, 'ผู้ช่วยศาสตราจารย์ นายแพทย์ ตุลย', 'สิทธิสมบัติ', 1031, '1', '099-901-2345'),
(29, 'นายแพทย์ วรวิทย์', 'กาญจนบุญเสริม', 1041, '1', '091-012-3456'),
(30, 'นายแพทย์ สมพงศ์', 'พิทยาภรณ์', 1041, '1', '092-123-4567'),
(31, 'นายแพทย์ อรรถพล', 'จงพระนคร', 1041, '1', '093-234-5678'),
(32, 'นายแพทย์ สรัญญา', 'สุขแสงสวัสดิ์', 1041, '1', '094-345-6789'),
(33, 'นายแพทย์ วัชรพล', 'รัตนภูมิ', 1051, '1', '095-456-7890'),
(34, 'นายแพทย์ สันติ', 'วัฒนชัย', 1051, '1', '096-567-8901'),
(35, 'นายแพทย์ อุรัสยา', 'ศรีอำพัน', 1051, '1', '097-678-9012'),
(36, 'นายแพทย์ เจริญชัย', 'บุณยะบุญชู', 1051, '1', '098-789-0123'),
(37, 'นายแพทย์ สมชาย', 'กันเฟื่อง', 1061, '1', '099-890-1234'),
(38, 'นายแพทย์ วิทวัส', 'กุลสรรค์', 1061, '1', '091-901-2345'),
(39, 'นายแพทย์ อนุทิน', 'จันทร์เพ็ญ', 1061, '1', '092-012-3456'),
(40, 'นายแพทย์ สุวัฒน์', 'กาญจนาภา', 1071, '1', '093-123-4567'),
(41, 'นายอนุทิน', 'สุดใจ', 1131, '10', '008-23-4567'),
(42, 'นายสมชาย', 'ชาญชัย', 1011, '10', '089-12-3456'),
(43, 'นายวีระชัย', 'วรรณ', 1011, '10', '088-23-4567'),
(44, 'นายอนุทิน', 'อภิชัย', 1011, '10', '087-34-5678'),
(45, 'นายสุวัฒน์', 'วิทยา', 1011, '14', '086-45-6789'),
(46, 'นายประกอบเกียรติ', 'สมประโยชน์', 1011, '14', '085-56-7890'),
(47, 'นายวิทวัส', 'สมใจ', 1011, '14', '084-67-8901'),
(48, 'นายอรรถพล', 'วิวัฒน์', 1011, '12', '083-78-9012'),
(49, 'นายสรัญญา', 'สมบูรณ์', 1011, '12', '082-89-0123'),
(50, 'นายวรวิทย์', 'ประดิษฐ์', 1011, '12', '081-90-1234'),
(51, 'นายสมพงศ์', 'วิชัย', 1011, '13', '080-01-2345'),
(52, 'นายอรรถพล', 'สุขสวัสดิ์', 1021, '13', '079-12-3456'),
(53, 'นายสรัญญา', 'ประเสริฐ', 1021, '13', '078-23-4567'),
(54, 'นายวรวิทย์', 'ธนโชติ', 1021, '17', '077-34-5678'),
(55, 'นายวัชรพล', 'สิทธิโชติ', 1021, '17', '076-45-6789'),
(56, 'นายสันติ', 'สุกัญญา', 1021, '17', '075-56-7890'),
(57, 'นายอุรัสยา', 'สุทธิ์', 1021, '17', '074-67-8901'),
(58, 'นายเจริญชัย', 'รัตนเสริม', 1021, '17', '073-78-9012'),
(59, 'นายสมชาย', 'วิสุทธิ์', 1021, '18', '072-89-0123'),
(60, 'นายวิทวัส', 'รัตนา', 1021, '18', '071-90-1234'),
(61, 'นายอนุทิน', 'สมศรี', 1021, '18', '070-01-2345'),
(62, 'นายสุวัฒน์', 'อรุณ', 1021, '18', '069-12-3456'),
(63, 'นายทดสอบ', 'พรรณา', 1031, '18', '068-23-4567'),
(64, 'นายเทส', 'พราวิชญ์', 1031, '20', '067-34-5678'),
(65, 'นายสอบ', 'สุวรรณ', 1031, '20', '066-45-6789'),
(66, 'นายทดลอง', 'สมชาย', 1031, '9', '065-56-7890'),
(67, 'นายพยายาม', 'สุกฤษ', 1031, '9', '064-67-8901'),
(68, 'นายแข็งแกร่ง', 'อรรถสิทธิ์', 1031, '9', '063-78-9012'),
(69, 'นายทนายนิติ', 'วุฒิชัย', 1031, '6', '062-89-0123'),
(70, 'นายอภิชัย', 'สมชาย', 1031, '6', '061-90-1234'),
(71, 'นายสายตา', 'สมบูรณ์', 1031, '16', '060-01-2345'),
(72, 'นายรับใบบัตร', 'สุรารี', 1031, '16', '059-12-3456'),
(73, 'พยาบาล สวย', 'สมศักดิ์', 1041, '2', '058-23-4567'),
(74, 'พยาบาล ศรี', 'อุดม', 1041, '2', '057-34-5678'),
(75, 'พยาบาล วรรณ', 'ศรีสุดา', 1041, '2', '056-45-6789'),
(76, 'พยาบาล นภา', 'วาสนา', 1041, '2', '055-56-7890'),
(77, 'พยาบาล กมล', 'สุนทรีย์', 1041, '2', '054-67-8901'),
(78, 'เภสัชกร สมชาย', 'สุชาติ', 1041, '3', '053-78-9012'),
(79, 'เภสัชกร วิชัย', 'รัชนี', 1041, '3', '052-89-0123'),
(80, 'เภสัชกร สุรพงษ์', 'สุขุม', 1041, '3', '051-90-1234'),
(81, 'เภสัชกร บรรณา', 'ศรีมา', 1041, '3', '050-01-2345'),
(82, 'เภสัชกร อภิชัย', 'สุวรรณ', 1041, '3', '049-12-3456'),
(83, 'จิตแพทย์ ประสิทธิ์', 'พรชัย', 1051, '4', '048-23-4567'),
(84, 'จิตแพทย์ สันติ', 'รัตนา', 1051, '4', '047-34-5678'),
(85, 'จิตแพทย์ ธนวัฒน์', 'ปรียา', 1051, '4', '046-45-6789'),
(86, 'จิตแพทย์ วิทยา', 'สุดา', 1051, '4', '045-56-7890'),
(87, 'จิตแพทย์ สมประโยชน์', 'รัตนา', 1051, '4', '044-67-8901'),
(88, 'ผู้ช่วยพยาบาล สุดา', 'พรชัย', 1061, '11', '043-78-9012'),
(89, 'ผู้ช่วยพยาบาล ประภา', 'สมพงษ์', 1061, '11', '042-89-0123'),
(90, 'ผู้ช่วยพยาบาล รัตนา', 'รัตนา', 1071, '11', '041-90-1234'),
(91, 'ผู้ช่วยพยาบาล วิไล', 'พรชัย', 1071, '11', '040-01-2345'),
(92, 'ผู้ช่วยพยาบาล สมใจ', 'ปราชญ์', 1081, '11', '039-12-3456'),
(93, 'พยาบาล วิวัฒน์', 'สมศักดิ์', 1081, '2', '038-23-4567'),
(94, 'เภสัชกร สมบูรณ์', 'สุนทรีย์', 1081, '3', '037-34-5678'),
(95, 'เภสัชกร ชาญชัย', 'สุขุม', 1081, '3', '036-45-6789'),
(96, 'เภสัชกร บุญเลิศ', 'อุดม', 1081, '3', '035-56-7890'),
(97, 'เภสัชกร ประดิษฐ์', 'รัชนี', 1061, '3', '034-67-8901'),
(98, 'จิตแพทย์ วิชัย', 'รัตนา', 1061, '4', '033-78-9012'),
(99, 'จิตแพทย์ สุขสวัสดิ์', 'สุดา', 1011, '4', '032-89-0123'),
(100, 'จิตแพทย์ ประเสริฐ', 'วิสุทธิ์', 1011, '4', '031-90-1234'),
(101, 'จิตแพทย์ ธนโชติ', 'รัตนาเรือง', 1011, '4', '030-01-2345'),
(102, 'จิตแพทย์ สมพงษ์', 'สมชาย', 1011, '4', '029-12-3456'),
(103, 'ผู้ช่วยพยาบาล สุดใจ', 'สมบูรณ์', 1011, '11', '028-23-4567'),
(104, 'ผู้ช่วยพยาบาล วิรุฬห์', 'สุรารี', 1011, '11', '027-34-5678'),
(105, 'ผู้ช่วยพยาบาล พรรณา', 'วุฒิชัย', 1011, '11', '026-45-6789'),
(106, 'ผู้ช่วยพยาบาล พราวิชญ์', 'อรรถสิทธิ์', 1011, '11', '025-56-7890'),
(107, 'ผู้ช่วยพยาบาล สุวรรณ', 'สมศักดิ์', 1011, '11', '024-67-8901'),
(108, 'เภสัชกร สุกัญญา', 'รัตนา', 1011, '3', '023-78-9012'),
(109, 'เภสัชกร สุทธิ์', 'ปรียา', 1011, '3', '022-89-0123'),
(110, 'เภสัชกร รัตนเสริม', 'สุดา', 1011, '3', '021-90-1234'),
(111, 'เภสัชกร วิสุทธิ์', 'รัตนา', 1011, '3', '020-01-2345'),
(112, 'จิตแพทย์ สิทธิโชติ', 'พรชัย', 1011, '4', '007-34-5678'),
(113, 'จิตแพทย์ สุกฤษ', 'สมพงษ์', 1011, '4', '019-12-3456'),
(114, 'จิตแพทย์ อรรถสิทธิ์', 'รัตนา', 1021, '4', '018-23-4567'),
(115, 'จิตแพทย์ วุฒิชัย', 'สมทรง', 1021, '4', '017-34-5678'),
(116, 'จิตแพทย์ สมชาย', 'สุรานนท์', 1021, '4', '016-45-6789'),
(117, 'ผู้ช่วยพยาบาล สมศรี', 'สุวรรณ', 1021, '11', '015-56-7890'),
(118, 'ผู้ช่วยพยาบาล อรุณ', 'อรุณ', 1031, '11', '014-67-8901'),
(119, 'ผู้ช่วยพยาบาล วิรุฬห์', 'ศรีสุดา', 1031, '11', '013-78-9012'),
(120, 'ผู้ช่วยพยาบาล รัตนา', 'วาสนา', 1031, '11', '012-89-0123'),
(121, 'ผู้ช่วยพยาบาล สมบูรณ์', 'สุนทรีย์', 1041, '11', '011-90-1234'),
(122, 'ผู้ช่วยพยาบาล สุรารี', 'สุชาติ', 1041, '11', '010-01-2345');

-- --------------------------------------------------------

--
-- Table structure for table `jobs`
--

CREATE TABLE `jobs` (
  `job_id` varchar(25) NOT NULL,
  `job_name` varchar(50) NOT NULL
) ENGINE=InnoDB DEFAULT CHARSET=utf8mb4 COLLATE=utf8mb4_general_ci;

--
-- Dumping data for table `jobs`
--

INSERT INTO `jobs` (`job_id`, `job_name`) VALUES
('1', 'แพทย์'),
('10', 'เจ้าหน้าที่โภชนาการ'),
('11', 'ผู้ช่วยพยาบาล'),
('12', 'พนักงานทำความสะอาด'),
('13', 'พนักงานที่ประสานงาน'),
('14', 'พนักงานทะเบียน'),
('15', 'พนักงานธุรการ'),
('16', 'พนักงานดูแลคนไข้'),
('17', 'พนักงานขับรถบริการ'),
('18', 'พนักงานเคาน์เตอร์'),
('19', 'พนักงานเภสัชกรรม'),
('2', 'พยาบาล'),
('20', 'พนักงานสิทธิประโยชน์'),
('3', 'เภสัชกร'),
('4', 'จิตแพทย์'),
('5', 'รับใบบัตรการพยาบาล'),
('6', 'เจ้าหน้าที่ทันตกรรม'),
('8', 'เจ้าหน้าที่สาธารณสุข'),
('9', 'เจ้าหน้าที่ที่ปรึกษาสุขภาพ');

-- --------------------------------------------------------

--
-- Table structure for table `patients`
--

CREATE TABLE `patients` (
  `pt_ssn` varchar(13) NOT NULL,
  `pt_fname` varchar(50) NOT NULL,
  `pt_lname` varchar(50) NOT NULL,
  `pt_dob` date NOT NULL,
  `pt_age` int(3) NOT NULL,
  `pt_gender` varchar(25) NOT NULL,
  `pt_adn` varchar(11) NOT NULL,
  `pt_phone_number` varchar(12) DEFAULT NULL,
  `trauma_id` varchar(25) NOT NULL
) ENGINE=InnoDB DEFAULT CHARSET=utf8mb4 COLLATE=utf8mb4_general_ci;

--
-- Dumping data for table `patients`
--

INSERT INTO `patients` (`pt_ssn`, `pt_fname`, `pt_lname`, `pt_dob`, `pt_age`, `pt_gender`, `pt_adn`, `pt_phone_number`, `trauma_id`) VALUES
('1100200017729', 'สุทธิพงษ์ ', 'เลดา', '1982-10-03', 41, 'ชาย', '8713631', '081-123-4567', '1'),
('1100200387453', 'นพดล', 'กันทวงศ์', '1988-05-17', 35, 'ชาย', '35421', '082-234-5678', '2'),
('1100200449645', 'จริยา เคลือคต', 'เคลือคต', '1989-02-20', 34, 'หญิง', '16650', '083-345-6789', '3'),
('1100200468119', 'ปิยมาภรณ์', 'รักษาจิตร์', '1989-05-29', 34, 'หญิง', '25532', '084-456-7890', '4'),
('1100200598080', 'อังคณา ', 'ยิ้มหนองเต่า', '1990-11-23', 32, 'หญิง', '125522', '085-567-8901', '5'),
('1100200748022', 'พลวัต ', 'บุญมา', '1992-07-01', 31, 'ชาย', '54792', '086-678-9012', '6'),
('1100400135229', 'อรพรรณ ', 'ฉัตรหลวง', '1985-10-17', 37, 'หญิง', '711024', '087-789-0123', '7'),
('1100500112557', 'นุชจรี', 'ศรีแจ้ง', '1985-11-28', 37, 'หญิง', '4759', '088-890-1234', '8'),
('1100500220171', 'ทิพย์วารี ', 'นานอก', '1987-09-08', 36, 'หญิง', '1846', '089-901-2345', '9'),
('1100500252243', 'ทิพย์เกสร ', 'บุญรอด', '1988-04-10', 35, 'หญิง', '61054', '090-012-3456', '10'),
('1100500254475', 'สานิตย์', 'แสงทอง', '1988-04-23', 35, 'หญิง', '2521663', '091-123-4567', '11'),
('1100500282398', 'พรจิรา', 'แสงสว่าง', '1988-09-15', 35, 'หญิง', '826643', '092-234-5678', '12'),
('1100500402300', 'อนุวัตร ', 'ไพบูลย์พัฒนพงษ์', '1990-01-07', 32, 'ชาย', '912175', '093-345-6789', '13'),
('1100600091713', 'วสุมา ', 'เลดา', '1987-02-17', 36, 'หญิง', '353062', '094-456-7890', '14'),
('1100600104645', 'รุ้งฟ้า', 'มณีทอง', '1987-06-07', 36, 'หญิง', '480299', '095-567-8901', '15'),
('1100700003085', 'ธนัฒพร ', 'เปล่งพานิช', '1984-01-02', 38, 'หญิง', '23948', '096-678-9012', '16'),
('1100700312118', 'รัตนาพร', 'บางพระครู', '1985-11-12', 37, 'หญิง', '1010', '097-789-0123', '17'),
('1100700460826', 'พรนภา ', 'แจ่มอุทัย', '1986-03-30', 36, 'หญิง', '210933', '098-890-1234', '18'),
('1100700865524', 'ดวงกมล ', 'ตรีชมทอง', '1988-11-21', 34, 'หญิง', '58304', '099-901-2345', '19'),
('1100700985210', 'ทศวรรณ ', 'คำนวณ', '1989-05-09', 34, 'หญิง', '1489', '061-012-3456', '20'),
('1100800342019', 'ประสิทธิ์ ', 'มงคลเกิด', '1987-01-03', 36, 'ชาย', '901515', '062-123-4567', '21'),
('1100800343201', 'กชกร', 'ดีสถาน', '1987-01-25', 36, 'หญิง', '10050', '063-234-5678', '22'),
('1101400001444', 'อภิเชษฐ์ ', 'บานแย้ม', '1983-12-30', 39, 'ชาย', '50400', '064-345-6789', '23'),
('1101400083238', 'จอย', 'จงแนวกลาง', '1984-03-29', 38, 'หญิง', '598570', '065-456-7890', '24'),
('1101400162138', 'ทรงพล', 'เจียมจิตศิริพงษ์', '1984-07-02', 38, 'ชาย', '965610', '066-567-8901', '25'),
('1101400173989', 'นงค์ลักษณ์', 'ศรีด้วง', '1984-07-07', 38, 'หญิง', '376145', '067-678-9012', '26'),
('1101400175361', 'ณัฐกานต์ ', 'พบพิทักษ์', '1984-07-09', 38, 'ชาย', '724307', '068-789-0123', '1'),
('1101400194081', 'พัชรา', 'สีหาภาค', '1984-07-27', 38, 'หญิง', '555290', '069-890-1234', '2'),
('1101400251181', 'ธนินท์ธร ', 'บรรจงศุภมิตร', '1984-09-25', 38, 'ชาย', '52666696', '031-901-2345', '3'),
('1101400305443', 'รวีลักษณ์', 'ศิลาสอาด', '1984-11-08', 38, 'หญิง', '4182888', '032-012-3456', '4'),
('1101400437617', 'สุรางคณา', 'ฉิมจิ๋ว', '1985-04-06', 37, 'หญิง', '107709', '033-123-4567', '5'),
('1101400598777', 'ฝุ่น', 'แสงชัน', '1985-09-22', 37, 'หญิง', '21953', '034-234-5678', '6'),
('1101400793626', 'อนุชา', 'แววพลอย', '1986-09-14', 37, 'ชาย', '93996', '035-345-6789', '7'),
('1101400946660', 'ณัฏฐพล', 'ขาวเหลือง', '1987-03-09', 36, 'ชาย', '866868', '036-456-7890', '8'),
('1101401385084', 'กระต่าย', 'อินมั่ง', '1988-08-11', 35, 'หญิง', '12484', '037-567-8901', '9'),
('1101401436321', 'วราพงษ์', 'วงศ์พานิช', '1988-09-28', 35, 'ชาย', '64926', '038-678-9012', '10'),
('1101499083499', 'ทิพย์วรรณ', 'สมทรง', '1985-10-02', 37, 'หญิง', '128340', '039-789-0123', '11'),
('1101500015404', 'นันทิยา', 'อารีนันทวรรษ', '1984-03-21', 38, 'หญิง', '5404', '040-890-1234', '12'),
('1101500278405', 'จิรายุทธิ์', 'พลาลำ', '1988-05-08', 34, 'ชาย', '910812', '041-901-2345', '13'),
('1101800428976', 'สุเมธ ', 'นิลตานนท์', '1990-09-03', 32, 'ชาย', '62865', '042-012-3456', '14'),
('1102000016020', 'เอกรัตน์', 'หามนตรี', '1984-01-30', 38, 'ชาย', '43323', '043-123-4567', '15'),
('1102000857733', 'พีระพงษ์', 'อนุกูลยุทธธน', '1987-10-08', 37, 'ชาย', '712294', '044-234-5678', '16'),
('1102001484418', 'สุภาวิตา', 'สุขยิ่ง', '1991-02-09', 31, 'หญิง', '7831', '045-345-6789', '17'),
('1102001829750', 'ศิริรัตน์', 'บั้งทอง', '1992-11-09', 30, 'หญิง', '158892', '046-456-7890', '18'),
('1102099005190', 'จิระพล', 'ศิริกุลผดุงศักดิ์', '1991-12-16', 38, 'ชาย', '56875', '047-567-8901', '19'),
('1103700675957', 'สุภาภรณ์', 'คงเกษม', '1992-12-27', 31, 'หญิง', '913942', '048-678-9012', '20'),
('1103700792368', 'อุไรวรรณ ', 'แจ่มจำรัส', '1992-06-05', 30, 'หญิง', '650', '049-789-0123', '21'),
('1110400039777', 'ศรีสุพร', 'แซ่โหล', '1989-05-16', 33, 'หญิง', '662871', '050-890-1234', '22'),
('1119900315046', 'อังศุมาลี', 'โรมรัมย์', '1991-09-26', 31, 'หญิง', '106784', '051-901-2345', '21'),
('1120100017948', 'จันทนนา', 'แฝดสูงเนิน', '1984-08-07', 38, 'หญิง', '21016', '052-012-3456', '23');

-- --------------------------------------------------------

--
-- Table structure for table `patients_traumas`
--

CREATE TABLE `patients_traumas` (
  `pt_ssn` varchar(13) NOT NULL,
  `trauma_id` varchar(25) NOT NULL
) ENGINE=InnoDB DEFAULT CHARSET=utf8mb4 COLLATE=utf8mb4_general_ci;

--
-- Dumping data for table `patients_traumas`
--

INSERT INTO `patients_traumas` (`pt_ssn`, `trauma_id`) VALUES
('1100200017729', '1'),
('1100200387453', '1'),
('1100200449645', '10'),
('1100200468119', '10'),
('1100200598080', '11'),
('1100200748022', '11'),
('1100400135229', '12'),
('1100500112557', '12'),
('1100500220171', '13'),
('1100500252243', '13'),
('1100500254475', '14'),
('1100500282398', '14'),
('1100500402300', '15'),
('1100600091713', '15'),
('1100600104645', '16'),
('1100700003085', '16'),
('1100700312118', '17'),
('1100700460826', '17'),
('1100700865524', '18'),
('1100700985210', '18'),
('1100800342019', '19'),
('1100800343201', '19'),
('1101400001444', '2'),
('1101400083238', '2'),
('1101400162138', '20'),
('1101400173989', '20'),
('1101400175361', '21'),
('1101400194081', '21'),
('1101400251181', '21'),
('1101400305443', '22'),
('1101400437617', '22'),
('1101400598777', '23'),
('1101400793626', '23'),
('1101400946660', '24'),
('1101401385084', '25'),
('1101401436321', '26'),
('1101499083499', '3'),
('1101500015404', '3'),
('1101500278405', '4'),
('1101800428976', '4'),
('1102000016020', '5'),
('1102000857733', '5'),
('1102001484418', '6'),
('1102001829750', '6'),
('1102099005190', '7'),
('1103700675957', '7'),
('1103700792368', '8'),
('1110400039777', '8'),
('1119900315046', '9'),
('1120100017948', '9'),
('1100200017729', '1'),
('1100200387453', '1'),
('1100200449645', '10'),
('1100200468119', '10'),
('1100200598080', '11'),
('1100200748022', '11'),
('1100400135229', '12'),
('1100500112557', '12'),
('1100500220171', '13'),
('1100500252243', '13'),
('1100500254475', '14'),
('1100500282398', '14'),
('1100500402300', '15'),
('1100600091713', '15'),
('1100600104645', '16'),
('1100700003085', '16'),
('1100700312118', '17'),
('1100700460826', '17'),
('1100700865524', '18'),
('1100700985210', '18'),
('1100800342019', '19'),
('1100800343201', '19'),
('1101400001444', '2'),
('1101400083238', '2'),
('1101400162138', '20'),
('1101400173989', '20'),
('1101400175361', '21'),
('1101400194081', '21'),
('1101400251181', '21'),
('1101400305443', '22'),
('1101400437617', '22'),
('1101400598777', '23'),
('1101400793626', '23'),
('1101400946660', '24'),
('1101401385084', '25'),
('1101401436321', '26'),
('1101499083499', '3'),
('1101500015404', '3'),
('1101500278405', '4'),
('1101800428976', '4'),
('1102000016020', '5'),
('1102000857733', '5'),
('1102001484418', '6'),
('1102001829750', '6'),
('1102099005190', '7'),
('1103700675957', '7'),
('1103700792368', '8'),
('1110400039777', '8'),
('1119900315046', '9'),
('1120100017948', '9');

-- --------------------------------------------------------

--
-- Table structure for table `rooms`
--

CREATE TABLE `rooms` (
  `room_id` varchar(25) NOT NULL,
  `room_name` varchar(50) NOT NULL,
  `room_type` varchar(25) NOT NULL,
  `dept_name` varchar(255) NOT NULL
) ENGINE=InnoDB DEFAULT CHARSET=utf8mb4 COLLATE=utf8mb4_general_ci;

--
-- Dumping data for table `rooms`
--

INSERT INTO `rooms` (`room_id`, `room_name`, `room_type`, `dept_name`) VALUES
('BSS100', 'G1', 'Bhumisiri Suite', 'ศูนย์บรรจุผู้ป่วย'),
('BSS101', 'G2', 'Bhumisiri Suite', 'ศูนย์บรรจุผู้ป่วย'),
('BSS102', 'G3', 'Bhumisiri Suite', 'ศูนย์บรรจุผู้ป่วย'),
('BSS103', 'G4', 'Bhumisiri Suite', 'ศูนย์บรรจุผู้ป่วย'),
('BSS104', 'G5', 'Bhumisiri Suite', 'ศูนย์บรรจุผู้ป่วย'),
('BSS105', 'G6', 'Bhumisiri Suite', 'ศูนย์บรรจุผู้ป่วย'),
('BSS106', 'G7', 'Bhumisiri Suite', 'ศูนย์บรรจุผู้ป่วย'),
('BSS107', 'G8', 'Bhumisiri Suite', 'ศูนย์บรรจุผู้ป่วย'),
('BSS108', 'G9', 'Bhumisiri Suite', 'ศูนย์บรรจุผู้ป่วย'),
('BSS109', 'G10', 'Bhumisiri Suite', 'ศูนย์บรรจุผู้ป่วย'),
('CCUR100', 'I1', 'C.C.U', 'ศูนย์โรคหัวใจ'),
('CCUR101', 'I2', 'C.C.U', 'ศูนย์โรคหัวใจ'),
('CCUR102', 'I3', 'C.C.U', 'ศูนย์โรคหัวใจ'),
('CCUR103', 'I4', 'C.C.U', 'ศูนย์โรคหัวใจ'),
('CCUR104', 'I5', 'C.C.U', 'ศูนย์โรคหัวใจ'),
('CCUR105', 'I6', 'C.C.U', 'ศูนย์โรคหัวใจ'),
('CCUR106', 'I7', 'C.C.U', 'ศูนย์โรคหัวใจ'),
('CCUR107', 'I8', 'C.C.U', 'ศูนย์โรคหัวใจ'),
('CCUR108', 'I9', 'C.C.U', 'ศูนย์โรคหัวใจ'),
('CCUR109', 'I10', 'C.C.U', 'ศูนย์โรคหัวใจ'),
('CCUR110', 'I11', 'C.C.U', 'ศูนย์โรคหัวใจ'),
('CCUR111', 'I12', 'C.C.U', 'ศูนย์โรคหัวใจ'),
('CCUR112', 'I13', 'C.C.U', 'ศูนย์โรคหัวใจ'),
('CCUR113', 'I14', 'C.C.U', 'ศูนย์โรคหัวใจ'),
('CCUR114', 'I15', 'C.C.U', 'ศูนย์โรคหัวใจ'),
('CCUR115', 'I16', 'C.C.U', 'ศูนย์โรคหัวใจ'),
('CCUR116', 'I17', 'C.C.U', 'ศูนย์โรคหัวใจ'),
('CCUR117', 'I18', 'C.C.U', 'ศูนย์โรคหัวใจ'),
('CCUR118', 'I19', 'C.C.U', 'ศูนย์โรคหัวใจ'),
('CCUR119', 'I20', 'C.C.U', 'ศูนย์โรคหัวใจ'),
('DUL100', 'B1', 'Deluxe', 'ศูนย์บรรจุผู้ป่วย'),
('DUL101', 'B2', 'Deluxe', 'ศูนย์บรรจุผู้ป่วย'),
('DUL102', 'B3', 'Deluxe', 'ศูนย์บรรจุผู้ป่วย'),
('DUL103', 'B4', 'Deluxe', 'ศูนย์บรรจุผู้ป่วย'),
('DUL104', 'B5', 'Deluxe', 'ศูนย์บรรจุผู้ป่วย'),
('DUL105', 'B6', 'Deluxe', 'ศูนย์บรรจุผู้ป่วย'),
('DUL106', 'B7', 'Deluxe', 'ศูนย์บรรจุผู้ป่วย'),
('DUL107', 'B8', 'Deluxe', 'ศูนย์บรรจุผู้ป่วย'),
('DUL108', 'B9', 'Deluxe', 'ศูนย์บรรจุผู้ป่วย'),
('DUL109', 'B10', 'Deluxe', 'ศูนย์บรรจุผู้ป่วย'),
('EXE100', 'E1', 'Executive', 'ศูนย์บรรจุผู้ป่วย'),
('EXE101', 'E2', 'Executive', 'ศูนย์บรรจุผู้ป่วย'),
('EXE102', 'E3', 'Executive', 'ศูนย์บรรจุผู้ป่วย'),
('EXE103', 'E4', 'Executive', 'ศูนย์บรรจุผู้ป่วย'),
('EXE104', 'E5', 'Executive', 'ศูนย์บรรจุผู้ป่วย'),
('EXE105', 'E6', 'Executive', 'ศูนย์บรรจุผู้ป่วย'),
('EXE106', 'E7', 'Executive', 'ศูนย์บรรจุผู้ป่วย'),
('EXE107', 'E8', 'Executive', 'ศูนย์บรรจุผู้ป่วย'),
('EXE108', 'E9', 'Executive', 'ศูนย์บรรจุผู้ป่วย'),
('EXE109', 'E10', 'Executive', 'ศูนย์บรรจุผู้ป่วย'),
('ICUR100', 'H1', 'I.C.U', 'ศัลยศาสตร์'),
('ICUR101', 'H2', 'I.C.U', 'ศัลยศาสตร์'),
('ICUR102', 'H3', 'I.C.U', 'ศัลยศาสตร์'),
('ICUR103', 'H4', 'I.C.U', 'ศัลยศาสตร์'),
('ICUR104', 'H5', 'I.C.U', 'ศัลยศาสตร์'),
('ICUR105', 'H6', 'I.C.U', 'ศัลยศาสตร์'),
('ICUR106', 'H7', 'I.C.U', 'ศัลยศาสตร์'),
('ICUR107', 'H8', 'I.C.U', 'ศัลยศาสตร์'),
('ICUR108', 'H9', 'I.C.U', 'ศัลยศาสตร์'),
('ICUR109', 'H10', 'I.C.U', 'ศัลยศาสตร์'),
('ICUR110', 'H11', 'I.C.U', 'อายุรศาสตร์'),
('ICUR111', 'H12', 'I.C.U', 'อายุรศาสตร์'),
('ICUR112', 'H13', 'I.C.U', 'อายุรศาสตร์'),
('ICUR113', 'H14', 'I.C.U', 'อายุรศาสตร์'),
('ICUR114', 'H15', 'I.C.U', 'อายุรศาสตร์'),
('ICUR115', 'H16', 'I.C.U', 'อายุรศาสตร์'),
('ICUR116', 'H17', 'I.C.U', 'อายุรศาสตร์'),
('ICUR117', 'H18', 'I.C.U', 'อายุรศาสตร์'),
('ICUR118', 'H19', 'I.C.U', 'อายุรศาสตร์'),
('ICUR119', 'H20', 'I.C.U', 'อายุรศาสตร์'),
('ICUR120', 'H21', 'I.C.U', 'กุมารเวชกรรม'),
('ICUR121', 'H22', 'I.C.U', 'กุมารเวชกรรม'),
('ICUR122', 'H23', 'I.C.U', 'กุมารเวชกรรม'),
('ICUR123', 'H24', 'I.C.U', 'กุมารเวชกรรม'),
('ICUR124', 'H25', 'I.C.U', 'กุมารเวชกรรม'),
('ICUR125', 'H26', 'I.C.U', 'กุมารเวชกรรม'),
('ICUR126', 'H27', 'I.C.U', 'กุมารเวชกรรม'),
('ICUR127', 'H28', 'I.C.U', 'กุมารเวชกรรม'),
('ICUR128', 'H29', 'I.C.U', 'กุมารเวชกรรม'),
('ICUR129', 'H30', 'I.C.U', 'กุมารเวชกรรม'),
('ICUR130', 'H31', 'I.C.U', 'สูติศาสตร์-นรีเวชวิทยา'),
('ICUR131', 'H32', 'I.C.U', 'สูติศาสตร์-นรีเวชวิทยา'),
('ICUR132', 'H33', 'I.C.U', 'สูติศาสตร์-นรีเวชวิทยา'),
('ICUR133', 'H34', 'I.C.U', 'สูติศาสตร์-นรีเวชวิทยา'),
('ICUR134', 'H35', 'I.C.U', 'สูติศาสตร์-นรีเวชวิทยา'),
('ICUR135', 'H36', 'I.C.U', 'สูติศาสตร์-นรีเวชวิทยา'),
('ICUR136', 'H37', 'I.C.U', 'สูติศาสตร์-นรีเวชวิทยา'),
('ICUR137', 'H38', 'I.C.U', 'สูติศาสตร์-นรีเวชวิทยา'),
('ICUR138', 'H39', 'I.C.U', 'สูติศาสตร์-นรีเวชวิทยา'),
('ICUR139', 'H40', 'I.C.U', 'สูติศาสตร์-นรีเวชวิทยา'),
('ICUR140', 'H41', 'I.C.U', 'พิเศษ'),
('ICUR141', 'H42', 'I.C.U', 'พิเศษ'),
('ICUR142', 'H43', 'I.C.U', 'พิเศษ'),
('ICUR143', 'H44', 'I.C.U', 'พิเศษ'),
('ICUR144', 'H45', 'I.C.U', 'พิเศษ'),
('ICUR145', 'H46', 'I.C.U', 'พิเศษ'),
('ICUR146', 'H47', 'I.C.U', 'พิเศษ'),
('ICUR147', 'H48', 'I.C.U', 'พิเศษ'),
('ICUR148', 'H49', 'I.C.U', 'พิเศษ'),
('ICUR149', 'H50', 'I.C.U', 'พิเศษ'),
('JRS100', 'F1', 'Junior Suite ', 'ศูนย์บรรจุผู้ป่วย'),
('JRS101', 'F2', 'Junior Suite ', 'ศูนย์บรรจุผู้ป่วย'),
('JRS102', 'F3', 'Junior Suite ', 'ศูนย์บรรจุผู้ป่วย'),
('JRS103', 'F4', 'Junior Suite ', 'ศูนย์บรรจุผู้ป่วย'),
('JRS104', 'F5', 'Junior Suite ', 'ศูนย์บรรจุผู้ป่วย'),
('JRS105', 'F6', 'Junior Suite ', 'ศูนย์บรรจุผู้ป่วย'),
('JRS106', 'F7', 'Junior Suite ', 'ศูนย์บรรจุผู้ป่วย'),
('JRS107', 'F8', 'Junior Suite ', 'ศูนย์บรรจุผู้ป่วย'),
('JRS108', 'F9', 'Junior Suite ', 'ศูนย์บรรจุผู้ป่วย'),
('JRS109', 'F10', 'Junior Suite ', 'ศูนย์บรรจุผู้ป่วย'),
('STD100', 'A1', 'Standard', 'ศูนย์บรรจุผู้ป่วย'),
('STD101', 'A2', 'Standard', 'ศูนย์บรรจุผู้ป่วย'),
('STD102', 'A3', 'Standard', 'ศูนย์บรรจุผู้ป่วย'),
('STD103', 'A4', 'Standard', 'ศูนย์บรรจุผู้ป่วย'),
('STD104', 'A5', 'Standard', 'ศูนย์บรรจุผู้ป่วย'),
('STD105', 'A6', 'Standard', 'ศูนย์บรรจุผู้ป่วย'),
('STD106', 'A7', 'Standard', 'ศูนย์บรรจุผู้ป่วย'),
('STD107', 'A8', 'Standard', 'ศูนย์บรรจุผู้ป่วย'),
('STD108', 'A9', 'Standard', 'ศูนย์บรรจุผู้ป่วย'),
('STD109', 'A10', 'Standard', 'ศูนย์บรรจุผู้ป่วย'),
('STU100', 'C1', 'Studio', 'ศูนย์บรรจุผู้ป่วย'),
('STU101', 'C2', 'Studio', 'ศูนย์บรรจุผู้ป่วย'),
('STU102', 'C3', 'Studio', 'ศูนย์บรรจุผู้ป่วย'),
('STU103', 'C4', 'Studio', 'ศูนย์บรรจุผู้ป่วย'),
('STU104', 'C5', 'Studio', 'ศูนย์บรรจุผู้ป่วย'),
('STU105', 'C6', 'Studio', 'ศูนย์บรรจุผู้ป่วย'),
('STU106', 'C7', 'Studio', 'ศูนย์บรรจุผู้ป่วย'),
('STU107', 'C8', 'Studio', 'ศูนย์บรรจุผู้ป่วย'),
('STU108', 'C9', 'Studio', 'ศูนย์บรรจุผู้ป่วย'),
('STU109', 'C10', 'Studio', 'ศูนย์บรรจุผู้ป่วย'),
('SUP100', 'D1', 'Superior', 'ศูนย์บรรจุผู้ป่วย'),
('SUP101', 'D2', 'Superior', 'ศูนย์บรรจุผู้ป่วย'),
('SUP102', 'D3', 'Superior', 'ศูนย์บรรจุผู้ป่วย'),
('SUP103', 'D4', 'Superior', 'ศูนย์บรรจุผู้ป่วย'),
('SUP104', 'D5', 'Superior', 'ศูนย์บรรจุผู้ป่วย'),
('SUP105', 'D6', 'Superior', 'ศูนย์บรรจุผู้ป่วย'),
('SUP106', 'D7', 'Superior', 'ศูนย์บรรจุผู้ป่วย'),
('SUP107', 'D8', 'Superior', 'ศูนย์บรรจุผู้ป่วย'),
('SUP108', 'D9', 'Superior', 'ศูนย์บรรจุผู้ป่วย'),
('SUP109', 'D10', 'Superior', 'ศูนย์บรรจุผู้ป่วย');

-- --------------------------------------------------------

--
-- Table structure for table `traumas`
--

CREATE TABLE `traumas` (
  `trauma_id` varchar(25) NOT NULL,
  `trauma_name` varchar(255) NOT NULL
) ENGINE=InnoDB DEFAULT CHARSET=utf8mb4 COLLATE=utf8mb4_general_ci;

--
-- Dumping data for table `traumas`
--

INSERT INTO `traumas` (`trauma_id`, `trauma_name`) VALUES
('1', 'Diabetes Mellitus'),
('10', 'Parkinson\'s disease'),
('11', 'Myasthenia gravis'),
('12', 'Diabetes insipidus'),
('13', 'Multiple sclerosis'),
('14', 'Dyslipidemia'),
('15', 'Rheumatoid arthritis'),
('16', 'Glaucoma'),
('17', 'Nephrotic syndrome'),
('18', 'SLE'),
('19', 'Aplastic anemia'),
('2', 'Hypertension'),
('20', 'Thalassemia'),
('21', 'Hemophilia'),
('22', 'Psoriasis'),
('23', 'Chronic vesiculobullous disease'),
('24', 'ITP'),
('25', 'Thyrotoxicosis'),
('26', 'Schizophrenia / Delusional disorders (F20 - F29)'),
('3', 'Chronic hepatitis and Cirrhosis of liver'),
('4', 'Congestive heart failure'),
('5', 'Cerebrovascular accident'),
('6', 'Malignancy'),
('7', 'AIDS ( HIV )'),
('8', 'Emphysema'),
('9', 'Chronic renal failure');

-- --------------------------------------------------------

--
-- Table structure for table `users`
--

CREATE TABLE `users` (
  `user_id` int(11) NOT NULL,
  `username` varchar(50) NOT NULL,
  `password` varchar(50) NOT NULL,
  `emp_id` int(11) NOT NULL
) ENGINE=InnoDB DEFAULT CHARSET=utf8mb4 COLLATE=utf8mb4_general_ci;

--
-- Dumping data for table `users`
--

INSERT INTO `users` (`user_id`, `username`, `password`, `emp_id`) VALUES
(48, 'methee', 'Methee123', 1),
(49, 'sunee5', 'suneenarak555', 5),
(50, 'prakob46', 'admin46', 46),
(51, 'chonnakarn22', 'doctornumber22', 22),
(52, 'prakob25', 'ilovedscsomuch25', 25),
(53, 'admin', 'admin123', 45),
(54, 'emp6', '123', 6),
(55, 'panee', 'panee123', 13);

--
-- Indexes for dumped tables
--

--
-- Indexes for table `beds`
--
ALTER TABLE `beds`
  ADD PRIMARY KEY (`bed_id`),
  ADD KEY `room_id` (`room_id`),
  ADD KEY `dept_name` (`dept_name`);

--
-- Indexes for table `booking`
--
ALTER TABLE `booking`
  ADD PRIMARY KEY (`bk_id`),
  ADD UNIQUE KEY `bk_ad_time` (`bk_ad_time`),
  ADD KEY `pt_id` (`pt_ssn`),
  ADD KEY `bed_id` (`bed_id`),
  ADD KEY `user_id` (`user_id`),
  ADD KEY `emp_id` (`bk_status`),
  ADD KEY `dept_id` (`dept_id`),
  ADD KEY `room_id` (`room_id`);

--
-- Indexes for table `departments`
--
ALTER TABLE `departments`
  ADD PRIMARY KEY (`dept_id`),
  ADD UNIQUE KEY `dept_name` (`dept_name`),
  ADD KEY `dept_name_2` (`dept_name`);

--
-- Indexes for table `employees`
--
ALTER TABLE `employees`
  ADD PRIMARY KEY (`emp_id`),
  ADD KEY `job_id` (`job_id`),
  ADD KEY `dept_id` (`dept_id`);

--
-- Indexes for table `jobs`
--
ALTER TABLE `jobs`
  ADD PRIMARY KEY (`job_id`);

--
-- Indexes for table `patients`
--
ALTER TABLE `patients`
  ADD PRIMARY KEY (`pt_ssn`),
  ADD UNIQUE KEY `pt_hn` (`pt_adn`),
  ADD KEY `trauma_id` (`trauma_id`);

--
-- Indexes for table `patients_traumas`
--
ALTER TABLE `patients_traumas`
  ADD KEY `pt_ssn` (`pt_ssn`),
  ADD KEY `trauma_id` (`trauma_id`);

--
-- Indexes for table `rooms`
--
ALTER TABLE `rooms`
  ADD PRIMARY KEY (`room_id`),
  ADD KEY `dept_name` (`dept_name`);

--
-- Indexes for table `traumas`
--
ALTER TABLE `traumas`
  ADD PRIMARY KEY (`trauma_id`);

--
-- Indexes for table `users`
--
ALTER TABLE `users`
  ADD PRIMARY KEY (`user_id`),
  ADD UNIQUE KEY `username` (`username`),
  ADD UNIQUE KEY `emp_id` (`emp_id`),
  ADD KEY `emp_id_2` (`emp_id`);

--
-- AUTO_INCREMENT for dumped tables
--

--
-- AUTO_INCREMENT for table `booking`
--
ALTER TABLE `booking`
  MODIFY `bk_id` int(11) NOT NULL AUTO_INCREMENT, AUTO_INCREMENT=24;

--
-- AUTO_INCREMENT for table `users`
--
ALTER TABLE `users`
  MODIFY `user_id` int(11) NOT NULL AUTO_INCREMENT, AUTO_INCREMENT=56;

--
-- Constraints for dumped tables
--

--
-- Constraints for table `beds`
--
ALTER TABLE `beds`
  ADD CONSTRAINT `beds_ibfk_1` FOREIGN KEY (`room_id`) REFERENCES `rooms` (`room_id`) ON DELETE NO ACTION ON UPDATE CASCADE,
  ADD CONSTRAINT `beds_ibfk_2` FOREIGN KEY (`dept_name`) REFERENCES `departments` (`dept_name`);

--
-- Constraints for table `booking`
--
ALTER TABLE `booking`
  ADD CONSTRAINT `booking_ibfk_1` FOREIGN KEY (`user_id`) REFERENCES `users` (`user_id`) ON DELETE NO ACTION ON UPDATE CASCADE,
  ADD CONSTRAINT `booking_ibfk_3` FOREIGN KEY (`bed_id`) REFERENCES `beds` (`bed_id`) ON DELETE NO ACTION ON UPDATE CASCADE,
  ADD CONSTRAINT `booking_ibfk_6` FOREIGN KEY (`pt_ssn`) REFERENCES `patients` (`pt_ssn`),
  ADD CONSTRAINT `booking_ibfk_7` FOREIGN KEY (`room_id`) REFERENCES `rooms` (`room_id`),
  ADD CONSTRAINT `booking_ibfk_8` FOREIGN KEY (`dept_id`) REFERENCES `departments` (`dept_id`);

--
-- Constraints for table `employees`
--
ALTER TABLE `employees`
  ADD CONSTRAINT `employees_ibfk_1` FOREIGN KEY (`job_id`) REFERENCES `jobs` (`job_id`) ON DELETE NO ACTION ON UPDATE CASCADE,
  ADD CONSTRAINT `employees_ibfk_2` FOREIGN KEY (`dept_id`) REFERENCES `departments` (`dept_id`) ON DELETE NO ACTION ON UPDATE CASCADE;

--
-- Constraints for table `patients_traumas`
--
ALTER TABLE `patients_traumas`
  ADD CONSTRAINT `patients_traumas_ibfk_1` FOREIGN KEY (`pt_ssn`) REFERENCES `patients` (`pt_ssn`),
  ADD CONSTRAINT `patients_traumas_ibfk_2` FOREIGN KEY (`trauma_id`) REFERENCES `traumas` (`trauma_id`);

--
-- Constraints for table `rooms`
--
ALTER TABLE `rooms`
  ADD CONSTRAINT `rooms_ibfk_1` FOREIGN KEY (`dept_name`) REFERENCES `departments` (`dept_name`);

--
-- Constraints for table `users`
--
ALTER TABLE `users`
  ADD CONSTRAINT `users_ibfk_1` FOREIGN KEY (`emp_id`) REFERENCES `employees` (`emp_id`) ON DELETE NO ACTION ON UPDATE CASCADE;
COMMIT;

/*!40101 SET CHARACTER_SET_CLIENT=@OLD_CHARACTER_SET_CLIENT */;
/*!40101 SET CHARACTER_SET_RESULTS=@OLD_CHARACTER_SET_RESULTS */;
/*!40101 SET COLLATION_CONNECTION=@OLD_COLLATION_CONNECTION */;
